n,length,smashed,real
0,4,zero,zero
1,3,one,one
2,3,two,two
3,5,three,three
4,4,four,four
5,4,five,five
6,3,six,six
7,5,seven,seven
8,5,eight,eight
9,4,nine,nine
10,3,ten,ten
11,6,eleven,eleven
12,6,twelve,twelve
13,8,thirteen,thirteen
14,8,fourteen,fourteen
15,7,fifteen,fifteen
16,7,sixteen,sixteen
17,9,seventeen,seventeen
18,8,eighteen,eighteen
19,8,nineteen,nineteen
20,6,twenty,twenty
21,9,twentyone,twenty one
22,9,twentytwo,twenty two
23,11,twentythree,twenty three
24,10,twentyfour,twenty four
25,10,twentyfive,twenty five
26,9,twentysix,twenty six
27,11,twentyseven,twenty seven
28,11,twentyeight,twenty eight
29,10,twentynine,twenty nine
30,6,thirty,thirty
31,9,thirtyone,thirty one
32,9,thirtytwo,thirty two
33,11,thirtythree,thirty three
34,10,thirtyfour,thirty four
35,10,thirtyfive,thirty five
36,9,thirtysix,thirty six
37,11,thirtyseven,thirty seven
38,11,thirtyeight,thirty eight
39,10,thirtynine,thirty nine
40,5,forty,forty
41,8,fortyone,forty one
42,8,fortytwo,forty two
43,10,fortythree,forty three
44,9,fortyfour,forty four
45,9,fortyfive,forty five
46,8,fortysix,forty six
47,10,fortyseven,forty seven
48,10,fortyeight,forty eight
49,9,fortynine,forty nine
50,5,fifty,fifty
51,8,fiftyone,fifty one
52,8,fiftytwo,fifty two
53,10,fiftythree,fifty three
54,9,fiftyfour,fifty four
55,9,fiftyfive,fifty five
56,8,fiftysix,fifty six
57,10,fiftyseven,fifty seven
58,10,fiftyeight,fifty eight
59,9,fiftynine,fifty nine
60,5,sixty,sixty
61,8,sixtyone,sixty one
62,8,sixtytwo,sixty two
63,10,sixtythree,sixty three
64,9,sixtyfour,sixty four
65,9,sixtyfive,sixty five
66,8,sixtysix,sixty six
67,10,sixtyseven,sixty seven
68,10,sixtyeight,sixty eight
69,9,sixtynine,sixty nine
70,7,seventy,seventy
71,10,seventyone,seventy one
72,10,seventytwo,seventy two
73,12,seventythree,seventy three
74,11,seventyfour,seventy four
75,11,seventyfive,seventy five
76,10,seventysix,seventy six
77,12,seventyseven,seventy seven
78,12,seventyeight,seventy eight
79,11,seventynine,seventy nine
80,6,eighty,eighty
81,9,eightyone,eighty one
82,9,eightytwo,eighty two
83,11,eightythree,eighty three
84,10,eightyfour,eighty four
85,10,eightyfive,eighty five
86,9,eightysix,eighty six
87,11,eightyseven,eighty seven
88,11,eightyeight,eighty eight
89,10,eightynine,eighty nine
90,6,ninety,ninety
91,9,ninetyone,ninety one
92,9,ninetytwo,ninety two
93,11,ninetythree,ninety three
94,10,ninetyfour,ninety four
95,10,ninetyfive,ninety five
96,9,ninetysix,ninety six
97,11,ninetyseven,ninety seven
98,11,ninetyeight,ninety eight
99,10,ninetynine,ninety nine
100,10,onehundred,one hundred
101,16,onehundredandone,one hundred and one
102,16,onehundredandtwo,one hundred and two
103,18,onehundredandthree,one hundred and three
104,17,onehundredandfour,one hundred and four
105,17,onehundredandfive,one hundred and five
106,16,onehundredandsix,one hundred and six
107,18,onehundredandseven,one hundred and seven
108,18,onehundredandeight,one hundred and eight
109,17,onehundredandnine,one hundred and nine
110,16,onehundredandten,one hundred and ten
111,19,onehundredandeleven,one hundred and eleven
112,19,onehundredandtwelve,one hundred and twelve
113,21,onehundredandthirteen,one hundred and thirteen
114,21,onehundredandfourteen,one hundred and fourteen
115,20,onehundredandfifteen,one hundred and fifteen
116,20,onehundredandsixteen,one hundred and sixteen
117,22,onehundredandseventeen,one hundred and seventeen
118,21,onehundredandeighteen,one hundred and eighteen
119,21,onehundredandnineteen,one hundred and nineteen
120,19,onehundredandtwenty,one hundred and twenty
121,22,onehundredandtwentyone,one hundred and twenty one
122,22,onehundredandtwentytwo,one hundred and twenty two
123,24,onehundredandtwentythree,one hundred and twenty three
124,23,onehundredandtwentyfour,one hundred and twenty four
125,23,onehundredandtwentyfive,one hundred and twenty five
126,22,onehundredandtwentysix,one hundred and twenty six
127,24,onehundredandtwentyseven,one hundred and twenty seven
128,24,onehundredandtwentyeight,one hundred and twenty eight
129,23,onehundredandtwentynine,one hundred and twenty nine
130,19,onehundredandthirty,one hundred and thirty
131,22,onehundredandthirtyone,one hundred and thirty one
132,22,onehundredandthirtytwo,one hundred and thirty two
133,24,onehundredandthirtythree,one hundred and thirty three
134,23,onehundredandthirtyfour,one hundred and thirty four
135,23,onehundredandthirtyfive,one hundred and thirty five
136,22,onehundredandthirtysix,one hundred and thirty six
137,24,onehundredandthirtyseven,one hundred and thirty seven
138,24,onehundredandthirtyeight,one hundred and thirty eight
139,23,onehundredandthirtynine,one hundred and thirty nine
140,18,onehundredandforty,one hundred and forty
141,21,onehundredandfortyone,one hundred and forty one
142,21,onehundredandfortytwo,one hundred and forty two
143,23,onehundredandfortythree,one hundred and forty three
144,22,onehundredandfortyfour,one hundred and forty four
145,22,onehundredandfortyfive,one hundred and forty five
146,21,onehundredandfortysix,one hundred and forty six
147,23,onehundredandfortyseven,one hundred and forty seven
148,23,onehundredandfortyeight,one hundred and forty eight
149,22,onehundredandfortynine,one hundred and forty nine
150,18,onehundredandfifty,one hundred and fifty
151,21,onehundredandfiftyone,one hundred and fifty one
152,21,onehundredandfiftytwo,one hundred and fifty two
153,23,onehundredandfiftythree,one hundred and fifty three
154,22,onehundredandfiftyfour,one hundred and fifty four
155,22,onehundredandfiftyfive,one hundred and fifty five
156,21,onehundredandfiftysix,one hundred and fifty six
157,23,onehundredandfiftyseven,one hundred and fifty seven
158,23,onehundredandfiftyeight,one hundred and fifty eight
159,22,onehundredandfiftynine,one hundred and fifty nine
160,18,onehundredandsixty,one hundred and sixty
161,21,onehundredandsixtyone,one hundred and sixty one
162,21,onehundredandsixtytwo,one hundred and sixty two
163,23,onehundredandsixtythree,one hundred and sixty three
164,22,onehundredandsixtyfour,one hundred and sixty four
165,22,onehundredandsixtyfive,one hundred and sixty five
166,21,onehundredandsixtysix,one hundred and sixty six
167,23,onehundredandsixtyseven,one hundred and sixty seven
168,23,onehundredandsixtyeight,one hundred and sixty eight
169,22,onehundredandsixtynine,one hundred and sixty nine
170,20,onehundredandseventy,one hundred and seventy
171,23,onehundredandseventyone,one hundred and seventy one
172,23,onehundredandseventytwo,one hundred and seventy two
173,25,onehundredandseventythree,one hundred and seventy three
174,24,onehundredandseventyfour,one hundred and seventy four
175,24,onehundredandseventyfive,one hundred and seventy five
176,23,onehundredandseventysix,one hundred and seventy six
177,25,onehundredandseventyseven,one hundred and seventy seven
178,25,onehundredandseventyeight,one hundred and seventy eight
179,24,onehundredandseventynine,one hundred and seventy nine
180,19,onehundredandeighty,one hundred and eighty
181,22,onehundredandeightyone,one hundred and eighty one
182,22,onehundredandeightytwo,one hundred and eighty two
183,24,onehundredandeightythree,one hundred and eighty three
184,23,onehundredandeightyfour,one hundred and eighty four
185,23,onehundredandeightyfive,one hundred and eighty five
186,22,onehundredandeightysix,one hundred and eighty six
187,24,onehundredandeightyseven,one hundred and eighty seven
188,24,onehundredandeightyeight,one hundred and eighty eight
189,23,onehundredandeightynine,one hundred and eighty nine
190,19,onehundredandninety,one hundred and ninety
191,22,onehundredandninetyone,one hundred and ninety one
192,22,onehundredandninetytwo,one hundred and ninety two
193,24,onehundredandninetythree,one hundred and ninety three
194,23,onehundredandninetyfour,one hundred and ninety four
195,23,onehundredandninetyfive,one hundred and ninety five
196,22,onehundredandninetysix,one hundred and ninety six
197,24,onehundredandninetyseven,one hundred and ninety seven
198,24,onehundredandninetyeight,one hundred and ninety eight
199,23,onehundredandninetynine,one hundred and ninety nine
200,10,twohundred,two hundred
201,16,twohundredandone,two hundred and one
202,16,twohundredandtwo,two hundred and two
203,18,twohundredandthree,two hundred and three
204,17,twohundredandfour,two hundred and four
205,17,twohundredandfive,two hundred and five
206,16,twohundredandsix,two hundred and six
207,18,twohundredandseven,two hundred and seven
208,18,twohundredandeight,two hundred and eight
209,17,twohundredandnine,two hundred and nine
210,16,twohundredandten,two hundred and ten
211,19,twohundredandeleven,two hundred and eleven
212,19,twohundredandtwelve,two hundred and twelve
213,21,twohundredandthirteen,two hundred and thirteen
214,21,twohundredandfourteen,two hundred and fourteen
215,20,twohundredandfifteen,two hundred and fifteen
216,20,twohundredandsixteen,two hundred and sixteen
217,22,twohundredandseventeen,two hundred and seventeen
218,21,twohundredandeighteen,two hundred and eighteen
219,21,twohundredandnineteen,two hundred and nineteen
220,19,twohundredandtwenty,two hundred and twenty
221,22,twohundredandtwentyone,two hundred and twenty one
222,22,twohundredandtwentytwo,two hundred and twenty two
223,24,twohundredandtwentythree,two hundred and twenty three
224,23,twohundredandtwentyfour,two hundred and twenty four
225,23,twohundredandtwentyfive,two hundred and twenty five
226,22,twohundredandtwentysix,two hundred and twenty six
227,24,twohundredandtwentyseven,two hundred and twenty seven
228,24,twohundredandtwentyeight,two hundred and twenty eight
229,23,twohundredandtwentynine,two hundred and twenty nine
230,19,twohundredandthirty,two hundred and thirty
231,22,twohundredandthirtyone,two hundred and thirty one
232,22,twohundredandthirtytwo,two hundred and thirty two
233,24,twohundredandthirtythree,two hundred and thirty three
234,23,twohundredandthirtyfour,two hundred and thirty four
235,23,twohundredandthirtyfive,two hundred and thirty five
236,22,twohundredandthirtysix,two hundred and thirty six
237,24,twohundredandthirtyseven,two hundred and thirty seven
238,24,twohundredandthirtyeight,two hundred and thirty eight
239,23,twohundredandthirtynine,two hundred and thirty nine
240,18,twohundredandforty,two hundred and forty
241,21,twohundredandfortyone,two hundred and forty one
242,21,twohundredandfortytwo,two hundred and forty two
243,23,twohundredandfortythree,two hundred and forty three
244,22,twohundredandfortyfour,two hundred and forty four
245,22,twohundredandfortyfive,two hundred and forty five
246,21,twohundredandfortysix,two hundred and forty six
247,23,twohundredandfortyseven,two hundred and forty seven
248,23,twohundredandfortyeight,two hundred and forty eight
249,22,twohundredandfortynine,two hundred and forty nine
250,18,twohundredandfifty,two hundred and fifty
251,21,twohundredandfiftyone,two hundred and fifty one
252,21,twohundredandfiftytwo,two hundred and fifty two
253,23,twohundredandfiftythree,two hundred and fifty three
254,22,twohundredandfiftyfour,two hundred and fifty four
255,22,twohundredandfiftyfive,two hundred and fifty five
256,21,twohundredandfiftysix,two hundred and fifty six
257,23,twohundredandfiftyseven,two hundred and fifty seven
258,23,twohundredandfiftyeight,two hundred and fifty eight
259,22,twohundredandfiftynine,two hundred and fifty nine
260,18,twohundredandsixty,two hundred and sixty
261,21,twohundredandsixtyone,two hundred and sixty one
262,21,twohundredandsixtytwo,two hundred and sixty two
263,23,twohundredandsixtythree,two hundred and sixty three
264,22,twohundredandsixtyfour,two hundred and sixty four
265,22,twohundredandsixtyfive,two hundred and sixty five
266,21,twohundredandsixtysix,two hundred and sixty six
267,23,twohundredandsixtyseven,two hundred and sixty seven
268,23,twohundredandsixtyeight,two hundred and sixty eight
269,22,twohundredandsixtynine,two hundred and sixty nine
270,20,twohundredandseventy,two hundred and seventy
271,23,twohundredandseventyone,two hundred and seventy one
272,23,twohundredandseventytwo,two hundred and seventy two
273,25,twohundredandseventythree,two hundred and seventy three
274,24,twohundredandseventyfour,two hundred and seventy four
275,24,twohundredandseventyfive,two hundred and seventy five
276,23,twohundredandseventysix,two hundred and seventy six
277,25,twohundredandseventyseven,two hundred and seventy seven
278,25,twohundredandseventyeight,two hundred and seventy eight
279,24,twohundredandseventynine,two hundred and seventy nine
280,19,twohundredandeighty,two hundred and eighty
281,22,twohundredandeightyone,two hundred and eighty one
282,22,twohundredandeightytwo,two hundred and eighty two
283,24,twohundredandeightythree,two hundred and eighty three
284,23,twohundredandeightyfour,two hundred and eighty four
285,23,twohundredandeightyfive,two hundred and eighty five
286,22,twohundredandeightysix,two hundred and eighty six
287,24,twohundredandeightyseven,two hundred and eighty seven
288,24,twohundredandeightyeight,two hundred and eighty eight
289,23,twohundredandeightynine,two hundred and eighty nine
290,19,twohundredandninety,two hundred and ninety
291,22,twohundredandninetyone,two hundred and ninety one
292,22,twohundredandninetytwo,two hundred and ninety two
293,24,twohundredandninetythree,two hundred and ninety three
294,23,twohundredandninetyfour,two hundred and ninety four
295,23,twohundredandninetyfive,two hundred and ninety five
296,22,twohundredandninetysix,two hundred and ninety six
297,24,twohundredandninetyseven,two hundred and ninety seven
298,24,twohundredandninetyeight,two hundred and ninety eight
299,23,twohundredandninetynine,two hundred and ninety nine
300,12,threehundred,three hundred
301,18,threehundredandone,three hundred and one
302,18,threehundredandtwo,three hundred and two
303,20,threehundredandthree,three hundred and three
304,19,threehundredandfour,three hundred and four
305,19,threehundredandfive,three hundred and five
306,18,threehundredandsix,three hundred and six
307,20,threehundredandseven,three hundred and seven
308,20,threehundredandeight,three hundred and eight
309,19,threehundredandnine,three hundred and nine
310,18,threehundredandten,three hundred and ten
311,21,threehundredandeleven,three hundred and eleven
312,21,threehundredandtwelve,three hundred and twelve
313,23,threehundredandthirteen,three hundred and thirteen
314,23,threehundredandfourteen,three hundred and fourteen
315,22,threehundredandfifteen,three hundred and fifteen
316,22,threehundredandsixteen,three hundred and sixteen
317,24,threehundredandseventeen,three hundred and seventeen
318,23,threehundredandeighteen,three hundred and eighteen
319,23,threehundredandnineteen,three hundred and nineteen
320,21,threehundredandtwenty,three hundred and twenty
321,24,threehundredandtwentyone,three hundred and twenty one
322,24,threehundredandtwentytwo,three hundred and twenty two
323,26,threehundredandtwentythree,three hundred and twenty three
324,25,threehundredandtwentyfour,three hundred and twenty four
325,25,threehundredandtwentyfive,three hundred and twenty five
326,24,threehundredandtwentysix,three hundred and twenty six
327,26,threehundredandtwentyseven,three hundred and twenty seven
328,26,threehundredandtwentyeight,three hundred and twenty eight
329,25,threehundredandtwentynine,three hundred and twenty nine
330,21,threehundredandthirty,three hundred and thirty
331,24,threehundredandthirtyone,three hundred and thirty one
332,24,threehundredandthirtytwo,three hundred and thirty two
333,26,threehundredandthirtythree,three hundred and thirty three
334,25,threehundredandthirtyfour,three hundred and thirty four
335,25,threehundredandthirtyfive,three hundred and thirty five
336,24,threehundredandthirtysix,three hundred and thirty six
337,26,threehundredandthirtyseven,three hundred and thirty seven
338,26,threehundredandthirtyeight,three hundred and thirty eight
339,25,threehundredandthirtynine,three hundred and thirty nine
340,20,threehundredandforty,three hundred and forty
341,23,threehundredandfortyone,three hundred and forty one
342,23,threehundredandfortytwo,three hundred and forty two
343,25,threehundredandfortythree,three hundred and forty three
344,24,threehundredandfortyfour,three hundred and forty four
345,24,threehundredandfortyfive,three hundred and forty five
346,23,threehundredandfortysix,three hundred and forty six
347,25,threehundredandfortyseven,three hundred and forty seven
348,25,threehundredandfortyeight,three hundred and forty eight
349,24,threehundredandfortynine,three hundred and forty nine
350,20,threehundredandfifty,three hundred and fifty
351,23,threehundredandfiftyone,three hundred and fifty one
352,23,threehundredandfiftytwo,three hundred and fifty two
353,25,threehundredandfiftythree,three hundred and fifty three
354,24,threehundredandfiftyfour,three hundred and fifty four
355,24,threehundredandfiftyfive,three hundred and fifty five
356,23,threehundredandfiftysix,three hundred and fifty six
357,25,threehundredandfiftyseven,three hundred and fifty seven
358,25,threehundredandfiftyeight,three hundred and fifty eight
359,24,threehundredandfiftynine,three hundred and fifty nine
360,20,threehundredandsixty,three hundred and sixty
361,23,threehundredandsixtyone,three hundred and sixty one
362,23,threehundredandsixtytwo,three hundred and sixty two
363,25,threehundredandsixtythree,three hundred and sixty three
364,24,threehundredandsixtyfour,three hundred and sixty four
365,24,threehundredandsixtyfive,three hundred and sixty five
366,23,threehundredandsixtysix,three hundred and sixty six
367,25,threehundredandsixtyseven,three hundred and sixty seven
368,25,threehundredandsixtyeight,three hundred and sixty eight
369,24,threehundredandsixtynine,three hundred and sixty nine
370,22,threehundredandseventy,three hundred and seventy
371,25,threehundredandseventyone,three hundred and seventy one
372,25,threehundredandseventytwo,three hundred and seventy two
373,27,threehundredandseventythree,three hundred and seventy three
374,26,threehundredandseventyfour,three hundred and seventy four
375,26,threehundredandseventyfive,three hundred and seventy five
376,25,threehundredandseventysix,three hundred and seventy six
377,27,threehundredandseventyseven,three hundred and seventy seven
378,27,threehundredandseventyeight,three hundred and seventy eight
379,26,threehundredandseventynine,three hundred and seventy nine
380,21,threehundredandeighty,three hundred and eighty
381,24,threehundredandeightyone,three hundred and eighty one
382,24,threehundredandeightytwo,three hundred and eighty two
383,26,threehundredandeightythree,three hundred and eighty three
384,25,threehundredandeightyfour,three hundred and eighty four
385,25,threehundredandeightyfive,three hundred and eighty five
386,24,threehundredandeightysix,three hundred and eighty six
387,26,threehundredandeightyseven,three hundred and eighty seven
388,26,threehundredandeightyeight,three hundred and eighty eight
389,25,threehundredandeightynine,three hundred and eighty nine
390,21,threehundredandninety,three hundred and ninety
391,24,threehundredandninetyone,three hundred and ninety one
392,24,threehundredandninetytwo,three hundred and ninety two
393,26,threehundredandninetythree,three hundred and ninety three
394,25,threehundredandninetyfour,three hundred and ninety four
395,25,threehundredandninetyfive,three hundred and ninety five
396,24,threehundredandninetysix,three hundred and ninety six
397,26,threehundredandninetyseven,three hundred and ninety seven
398,26,threehundredandninetyeight,three hundred and ninety eight
399,25,threehundredandninetynine,three hundred and ninety nine
400,11,fourhundred,four hundred
401,17,fourhundredandone,four hundred and one
402,17,fourhundredandtwo,four hundred and two
403,19,fourhundredandthree,four hundred and three
404,18,fourhundredandfour,four hundred and four
405,18,fourhundredandfive,four hundred and five
406,17,fourhundredandsix,four hundred and six
407,19,fourhundredandseven,four hundred and seven
408,19,fourhundredandeight,four hundred and eight
409,18,fourhundredandnine,four hundred and nine
410,17,fourhundredandten,four hundred and ten
411,20,fourhundredandeleven,four hundred and eleven
412,20,fourhundredandtwelve,four hundred and twelve
413,22,fourhundredandthirteen,four hundred and thirteen
414,22,fourhundredandfourteen,four hundred and fourteen
415,21,fourhundredandfifteen,four hundred and fifteen
416,21,fourhundredandsixteen,four hundred and sixteen
417,23,fourhundredandseventeen,four hundred and seventeen
418,22,fourhundredandeighteen,four hundred and eighteen
419,22,fourhundredandnineteen,four hundred and nineteen
420,20,fourhundredandtwenty,four hundred and twenty
421,23,fourhundredandtwentyone,four hundred and twenty one
422,23,fourhundredandtwentytwo,four hundred and twenty two
423,25,fourhundredandtwentythree,four hundred and twenty three
424,24,fourhundredandtwentyfour,four hundred and twenty four
425,24,fourhundredandtwentyfive,four hundred and twenty five
426,23,fourhundredandtwentysix,four hundred and twenty six
427,25,fourhundredandtwentyseven,four hundred and twenty seven
428,25,fourhundredandtwentyeight,four hundred and twenty eight
429,24,fourhundredandtwentynine,four hundred and twenty nine
430,20,fourhundredandthirty,four hundred and thirty
431,23,fourhundredandthirtyone,four hundred and thirty one
432,23,fourhundredandthirtytwo,four hundred and thirty two
433,25,fourhundredandthirtythree,four hundred and thirty three
434,24,fourhundredandthirtyfour,four hundred and thirty four
435,24,fourhundredandthirtyfive,four hundred and thirty five
436,23,fourhundredandthirtysix,four hundred and thirty six
437,25,fourhundredandthirtyseven,four hundred and thirty seven
438,25,fourhundredandthirtyeight,four hundred and thirty eight
439,24,fourhundredandthirtynine,four hundred and thirty nine
440,19,fourhundredandforty,four hundred and forty
441,22,fourhundredandfortyone,four hundred and forty one
442,22,fourhundredandfortytwo,four hundred and forty two
443,24,fourhundredandfortythree,four hundred and forty three
444,23,fourhundredandfortyfour,four hundred and forty four
445,23,fourhundredandfortyfive,four hundred and forty five
446,22,fourhundredandfortysix,four hundred and forty six
447,24,fourhundredandfortyseven,four hundred and forty seven
448,24,fourhundredandfortyeight,four hundred and forty eight
449,23,fourhundredandfortynine,four hundred and forty nine
450,19,fourhundredandfifty,four hundred and fifty
451,22,fourhundredandfiftyone,four hundred and fifty one
452,22,fourhundredandfiftytwo,four hundred and fifty two
453,24,fourhundredandfiftythree,four hundred and fifty three
454,23,fourhundredandfiftyfour,four hundred and fifty four
455,23,fourhundredandfiftyfive,four hundred and fifty five
456,22,fourhundredandfiftysix,four hundred and fifty six
457,24,fourhundredandfiftyseven,four hundred and fifty seven
458,24,fourhundredandfiftyeight,four hundred and fifty eight
459,23,fourhundredandfiftynine,four hundred and fifty nine
460,19,fourhundredandsixty,four hundred and sixty
461,22,fourhundredandsixtyone,four hundred and sixty one
462,22,fourhundredandsixtytwo,four hundred and sixty two
463,24,fourhundredandsixtythree,four hundred and sixty three
464,23,fourhundredandsixtyfour,four hundred and sixty four
465,23,fourhundredandsixtyfive,four hundred and sixty five
466,22,fourhundredandsixtysix,four hundred and sixty six
467,24,fourhundredandsixtyseven,four hundred and sixty seven
468,24,fourhundredandsixtyeight,four hundred and sixty eight
469,23,fourhundredandsixtynine,four hundred and sixty nine
470,21,fourhundredandseventy,four hundred and seventy
471,24,fourhundredandseventyone,four hundred and seventy one
472,24,fourhundredandseventytwo,four hundred and seventy two
473,26,fourhundredandseventythree,four hundred and seventy three
474,25,fourhundredandseventyfour,four hundred and seventy four
475,25,fourhundredandseventyfive,four hundred and seventy five
476,24,fourhundredandseventysix,four hundred and seventy six
477,26,fourhundredandseventyseven,four hundred and seventy seven
478,26,fourhundredandseventyeight,four hundred and seventy eight
479,25,fourhundredandseventynine,four hundred and seventy nine
480,20,fourhundredandeighty,four hundred and eighty
481,23,fourhundredandeightyone,four hundred and eighty one
482,23,fourhundredandeightytwo,four hundred and eighty two
483,25,fourhundredandeightythree,four hundred and eighty three
484,24,fourhundredandeightyfour,four hundred and eighty four
485,24,fourhundredandeightyfive,four hundred and eighty five
486,23,fourhundredandeightysix,four hundred and eighty six
487,25,fourhundredandeightyseven,four hundred and eighty seven
488,25,fourhundredandeightyeight,four hundred and eighty eight
489,24,fourhundredandeightynine,four hundred and eighty nine
490,20,fourhundredandninety,four hundred and ninety
491,23,fourhundredandninetyone,four hundred and ninety one
492,23,fourhundredandninetytwo,four hundred and ninety two
493,25,fourhundredandninetythree,four hundred and ninety three
494,24,fourhundredandninetyfour,four hundred and ninety four
495,24,fourhundredandninetyfive,four hundred and ninety five
496,23,fourhundredandninetysix,four hundred and ninety six
497,25,fourhundredandninetyseven,four hundred and ninety seven
498,25,fourhundredandninetyeight,four hundred and ninety eight
499,24,fourhundredandninetynine,four hundred and ninety nine
500,11,fivehundred,five hundred
501,17,fivehundredandone,five hundred and one
502,17,fivehundredandtwo,five hundred and two
503,19,fivehundredandthree,five hundred and three
504,18,fivehundredandfour,five hundred and four
505,18,fivehundredandfive,five hundred and five
506,17,fivehundredandsix,five hundred and six
507,19,fivehundredandseven,five hundred and seven
508,19,fivehundredandeight,five hundred and eight
509,18,fivehundredandnine,five hundred and nine
510,17,fivehundredandten,five hundred and ten
511,20,fivehundredandeleven,five hundred and eleven
512,20,fivehundredandtwelve,five hundred and twelve
513,22,fivehundredandthirteen,five hundred and thirteen
514,22,fivehundredandfourteen,five hundred and fourteen
515,21,fivehundredandfifteen,five hundred and fifteen
516,21,fivehundredandsixteen,five hundred and sixteen
517,23,fivehundredandseventeen,five hundred and seventeen
518,22,fivehundredandeighteen,five hundred and eighteen
519,22,fivehundredandnineteen,five hundred and nineteen
520,20,fivehundredandtwenty,five hundred and twenty
521,23,fivehundredandtwentyone,five hundred and twenty one
522,23,fivehundredandtwentytwo,five hundred and twenty two
523,25,fivehundredandtwentythree,five hundred and twenty three
524,24,fivehundredandtwentyfour,five hundred and twenty four
525,24,fivehundredandtwentyfive,five hundred and twenty five
526,23,fivehundredandtwentysix,five hundred and twenty six
527,25,fivehundredandtwentyseven,five hundred and twenty seven
528,25,fivehundredandtwentyeight,five hundred and twenty eight
529,24,fivehundredandtwentynine,five hundred and twenty nine
530,20,fivehundredandthirty,five hundred and thirty
531,23,fivehundredandthirtyone,five hundred and thirty one
532,23,fivehundredandthirtytwo,five hundred and thirty two
533,25,fivehundredandthirtythree,five hundred and thirty three
534,24,fivehundredandthirtyfour,five hundred and thirty four
535,24,fivehundredandthirtyfive,five hundred and thirty five
536,23,fivehundredandthirtysix,five hundred and thirty six
537,25,fivehundredandthirtyseven,five hundred and thirty seven
538,25,fivehundredandthirtyeight,five hundred and thirty eight
539,24,fivehundredandthirtynine,five hundred and thirty nine
540,19,fivehundredandforty,five hundred and forty
541,22,fivehundredandfortyone,five hundred and forty one
542,22,fivehundredandfortytwo,five hundred and forty two
543,24,fivehundredandfortythree,five hundred and forty three
544,23,fivehundredandfortyfour,five hundred and forty four
545,23,fivehundredandfortyfive,five hundred and forty five
546,22,fivehundredandfortysix,five hundred and forty six
547,24,fivehundredandfortyseven,five hundred and forty seven
548,24,fivehundredandfortyeight,five hundred and forty eight
549,23,fivehundredandfortynine,five hundred and forty nine
550,19,fivehundredandfifty,five hundred and fifty
551,22,fivehundredandfiftyone,five hundred and fifty one
552,22,fivehundredandfiftytwo,five hundred and fifty two
553,24,fivehundredandfiftythree,five hundred and fifty three
554,23,fivehundredandfiftyfour,five hundred and fifty four
555,23,fivehundredandfiftyfive,five hundred and fifty five
556,22,fivehundredandfiftysix,five hundred and fifty six
557,24,fivehundredandfiftyseven,five hundred and fifty seven
558,24,fivehundredandfiftyeight,five hundred and fifty eight
559,23,fivehundredandfiftynine,five hundred and fifty nine
560,19,fivehundredandsixty,five hundred and sixty
561,22,fivehundredandsixtyone,five hundred and sixty one
562,22,fivehundredandsixtytwo,five hundred and sixty two
563,24,fivehundredandsixtythree,five hundred and sixty three
564,23,fivehundredandsixtyfour,five hundred and sixty four
565,23,fivehundredandsixtyfive,five hundred and sixty five
566,22,fivehundredandsixtysix,five hundred and sixty six
567,24,fivehundredandsixtyseven,five hundred and sixty seven
568,24,fivehundredandsixtyeight,five hundred and sixty eight
569,23,fivehundredandsixtynine,five hundred and sixty nine
570,21,fivehundredandseventy,five hundred and seventy
571,24,fivehundredandseventyone,five hundred and seventy one
572,24,fivehundredandseventytwo,five hundred and seventy two
573,26,fivehundredandseventythree,five hundred and seventy three
574,25,fivehundredandseventyfour,five hundred and seventy four
575,25,fivehundredandseventyfive,five hundred and seventy five
576,24,fivehundredandseventysix,five hundred and seventy six
577,26,fivehundredandseventyseven,five hundred and seventy seven
578,26,fivehundredandseventyeight,five hundred and seventy eight
579,25,fivehundredandseventynine,five hundred and seventy nine
580,20,fivehundredandeighty,five hundred and eighty
581,23,fivehundredandeightyone,five hundred and eighty one
582,23,fivehundredandeightytwo,five hundred and eighty two
583,25,fivehundredandeightythree,five hundred and eighty three
584,24,fivehundredandeightyfour,five hundred and eighty four
585,24,fivehundredandeightyfive,five hundred and eighty five
586,23,fivehundredandeightysix,five hundred and eighty six
587,25,fivehundredandeightyseven,five hundred and eighty seven
588,25,fivehundredandeightyeight,five hundred and eighty eight
589,24,fivehundredandeightynine,five hundred and eighty nine
590,20,fivehundredandninety,five hundred and ninety
591,23,fivehundredandninetyone,five hundred and ninety one
592,23,fivehundredandninetytwo,five hundred and ninety two
593,25,fivehundredandninetythree,five hundred and ninety three
594,24,fivehundredandninetyfour,five hundred and ninety four
595,24,fivehundredandninetyfive,five hundred and ninety five
596,23,fivehundredandninetysix,five hundred and ninety six
597,25,fivehundredandninetyseven,five hundred and ninety seven
598,25,fivehundredandninetyeight,five hundred and ninety eight
599,24,fivehundredandninetynine,five hundred and ninety nine
600,10,sixhundred,six hundred
601,16,sixhundredandone,six hundred and one
602,16,sixhundredandtwo,six hundred and two
603,18,sixhundredandthree,six hundred and three
604,17,sixhundredandfour,six hundred and four
605,17,sixhundredandfive,six hundred and five
606,16,sixhundredandsix,six hundred and six
607,18,sixhundredandseven,six hundred and seven
608,18,sixhundredandeight,six hundred and eight
609,17,sixhundredandnine,six hundred and nine
610,16,sixhundredandten,six hundred and ten
611,19,sixhundredandeleven,six hundred and eleven
612,19,sixhundredandtwelve,six hundred and twelve
613,21,sixhundredandthirteen,six hundred and thirteen
614,21,sixhundredandfourteen,six hundred and fourteen
615,20,sixhundredandfifteen,six hundred and fifteen
616,20,sixhundredandsixteen,six hundred and sixteen
617,22,sixhundredandseventeen,six hundred and seventeen
618,21,sixhundredandeighteen,six hundred and eighteen
619,21,sixhundredandnineteen,six hundred and nineteen
620,19,sixhundredandtwenty,six hundred and twenty
621,22,sixhundredandtwentyone,six hundred and twenty one
622,22,sixhundredandtwentytwo,six hundred and twenty two
623,24,sixhundredandtwentythree,six hundred and twenty three
624,23,sixhundredandtwentyfour,six hundred and twenty four
625,23,sixhundredandtwentyfive,six hundred and twenty five
626,22,sixhundredandtwentysix,six hundred and twenty six
627,24,sixhundredandtwentyseven,six hundred and twenty seven
628,24,sixhundredandtwentyeight,six hundred and twenty eight
629,23,sixhundredandtwentynine,six hundred and twenty nine
630,19,sixhundredandthirty,six hundred and thirty
631,22,sixhundredandthirtyone,six hundred and thirty one
632,22,sixhundredandthirtytwo,six hundred and thirty two
633,24,sixhundredandthirtythree,six hundred and thirty three
634,23,sixhundredandthirtyfour,six hundred and thirty four
635,23,sixhundredandthirtyfive,six hundred and thirty five
636,22,sixhundredandthirtysix,six hundred and thirty six
637,24,sixhundredandthirtyseven,six hundred and thirty seven
638,24,sixhundredandthirtyeight,six hundred and thirty eight
639,23,sixhundredandthirtynine,six hundred and thirty nine
640,18,sixhundredandforty,six hundred and forty
641,21,sixhundredandfortyone,six hundred and forty one
642,21,sixhundredandfortytwo,six hundred and forty two
643,23,sixhundredandfortythree,six hundred and forty three
644,22,sixhundredandfortyfour,six hundred and forty four
645,22,sixhundredandfortyfive,six hundred and forty five
646,21,sixhundredandfortysix,six hundred and forty six
647,23,sixhundredandfortyseven,six hundred and forty seven
648,23,sixhundredandfortyeight,six hundred and forty eight
649,22,sixhundredandfortynine,six hundred and forty nine
650,18,sixhundredandfifty,six hundred and fifty
651,21,sixhundredandfiftyone,six hundred and fifty one
652,21,sixhundredandfiftytwo,six hundred and fifty two
653,23,sixhundredandfiftythree,six hundred and fifty three
654,22,sixhundredandfiftyfour,six hundred and fifty four
655,22,sixhundredandfiftyfive,six hundred and fifty five
656,21,sixhundredandfiftysix,six hundred and fifty six
657,23,sixhundredandfiftyseven,six hundred and fifty seven
658,23,sixhundredandfiftyeight,six hundred and fifty eight
659,22,sixhundredandfiftynine,six hundred and fifty nine
660,18,sixhundredandsixty,six hundred and sixty
661,21,sixhundredandsixtyone,six hundred and sixty one
662,21,sixhundredandsixtytwo,six hundred and sixty two
663,23,sixhundredandsixtythree,six hundred and sixty three
664,22,sixhundredandsixtyfour,six hundred and sixty four
665,22,sixhundredandsixtyfive,six hundred and sixty five
666,21,sixhundredandsixtysix,six hundred and sixty six
667,23,sixhundredandsixtyseven,six hundred and sixty seven
668,23,sixhundredandsixtyeight,six hundred and sixty eight
669,22,sixhundredandsixtynine,six hundred and sixty nine
670,20,sixhundredandseventy,six hundred and seventy
671,23,sixhundredandseventyone,six hundred and seventy one
672,23,sixhundredandseventytwo,six hundred and seventy two
673,25,sixhundredandseventythree,six hundred and seventy three
674,24,sixhundredandseventyfour,six hundred and seventy four
675,24,sixhundredandseventyfive,six hundred and seventy five
676,23,sixhundredandseventysix,six hundred and seventy six
677,25,sixhundredandseventyseven,six hundred and seventy seven
678,25,sixhundredandseventyeight,six hundred and seventy eight
679,24,sixhundredandseventynine,six hundred and seventy nine
680,19,sixhundredandeighty,six hundred and eighty
681,22,sixhundredandeightyone,six hundred and eighty one
682,22,sixhundredandeightytwo,six hundred and eighty two
683,24,sixhundredandeightythree,six hundred and eighty three
684,23,sixhundredandeightyfour,six hundred and eighty four
685,23,sixhundredandeightyfive,six hundred and eighty five
686,22,sixhundredandeightysix,six hundred and eighty six
687,24,sixhundredandeightyseven,six hundred and eighty seven
688,24,sixhundredandeightyeight,six hundred and eighty eight
689,23,sixhundredandeightynine,six hundred and eighty nine
690,19,sixhundredandninety,six hundred and ninety
691,22,sixhundredandninetyone,six hundred and ninety one
692,22,sixhundredandninetytwo,six hundred and ninety two
693,24,sixhundredandninetythree,six hundred and ninety three
694,23,sixhundredandninetyfour,six hundred and ninety four
695,23,sixhundredandninetyfive,six hundred and ninety five
696,22,sixhundredandninetysix,six hundred and ninety six
697,24,sixhundredandninetyseven,six hundred and ninety seven
698,24,sixhundredandninetyeight,six hundred and ninety eight
699,23,sixhundredandninetynine,six hundred and ninety nine
700,12,sevenhundred,seven hundred
701,18,sevenhundredandone,seven hundred and one
702,18,sevenhundredandtwo,seven hundred and two
703,20,sevenhundredandthree,seven hundred and three
704,19,sevenhundredandfour,seven hundred and four
705,19,sevenhundredandfive,seven hundred and five
706,18,sevenhundredandsix,seven hundred and six
707,20,sevenhundredandseven,seven hundred and seven
708,20,sevenhundredandeight,seven hundred and eight
709,19,sevenhundredandnine,seven hundred and nine
710,18,sevenhundredandten,seven hundred and ten
711,21,sevenhundredandeleven,seven hundred and eleven
712,21,sevenhundredandtwelve,seven hundred and twelve
713,23,sevenhundredandthirteen,seven hundred and thirteen
714,23,sevenhundredandfourteen,seven hundred and fourteen
715,22,sevenhundredandfifteen,seven hundred and fifteen
716,22,sevenhundredandsixteen,seven hundred and sixteen
717,24,sevenhundredandseventeen,seven hundred and seventeen
718,23,sevenhundredandeighteen,seven hundred and eighteen
719,23,sevenhundredandnineteen,seven hundred and nineteen
720,21,sevenhundredandtwenty,seven hundred and twenty
721,24,sevenhundredandtwentyone,seven hundred and twenty one
722,24,sevenhundredandtwentytwo,seven hundred and twenty two
723,26,sevenhundredandtwentythree,seven hundred and twenty three
724,25,sevenhundredandtwentyfour,seven hundred and twenty four
725,25,sevenhundredandtwentyfive,seven hundred and twenty five
726,24,sevenhundredandtwentysix,seven hundred and twenty six
727,26,sevenhundredandtwentyseven,seven hundred and twenty seven
728,26,sevenhundredandtwentyeight,seven hundred and twenty eight
729,25,sevenhundredandtwentynine,seven hundred and twenty nine
730,21,sevenhundredandthirty,seven hundred and thirty
731,24,sevenhundredandthirtyone,seven hundred and thirty one
732,24,sevenhundredandthirtytwo,seven hundred and thirty two
733,26,sevenhundredandthirtythree,seven hundred and thirty three
734,25,sevenhundredandthirtyfour,seven hundred and thirty four
735,25,sevenhundredandthirtyfive,seven hundred and thirty five
736,24,sevenhundredandthirtysix,seven hundred and thirty six
737,26,sevenhundredandthirtyseven,seven hundred and thirty seven
738,26,sevenhundredandthirtyeight,seven hundred and thirty eight
739,25,sevenhundredandthirtynine,seven hundred and thirty nine
740,20,sevenhundredandforty,seven hundred and forty
741,23,sevenhundredandfortyone,seven hundred and forty one
742,23,sevenhundredandfortytwo,seven hundred and forty two
743,25,sevenhundredandfortythree,seven hundred and forty three
744,24,sevenhundredandfortyfour,seven hundred and forty four
745,24,sevenhundredandfortyfive,seven hundred and forty five
746,23,sevenhundredandfortysix,seven hundred and forty six
747,25,sevenhundredandfortyseven,seven hundred and forty seven
748,25,sevenhundredandfortyeight,seven hundred and forty eight
749,24,sevenhundredandfortynine,seven hundred and forty nine
750,20,sevenhundredandfifty,seven hundred and fifty
751,23,sevenhundredandfiftyone,seven hundred and fifty one
752,23,sevenhundredandfiftytwo,seven hundred and fifty two
753,25,sevenhundredandfiftythree,seven hundred and fifty three
754,24,sevenhundredandfiftyfour,seven hundred and fifty four
755,24,sevenhundredandfiftyfive,seven hundred and fifty five
756,23,sevenhundredandfiftysix,seven hundred and fifty six
757,25,sevenhundredandfiftyseven,seven hundred and fifty seven
758,25,sevenhundredandfiftyeight,seven hundred and fifty eight
759,24,sevenhundredandfiftynine,seven hundred and fifty nine
760,20,sevenhundredandsixty,seven hundred and sixty
761,23,sevenhundredandsixtyone,seven hundred and sixty one
762,23,sevenhundredandsixtytwo,seven hundred and sixty two
763,25,sevenhundredandsixtythree,seven hundred and sixty three
764,24,sevenhundredandsixtyfour,seven hundred and sixty four
765,24,sevenhundredandsixtyfive,seven hundred and sixty five
766,23,sevenhundredandsixtysix,seven hundred and sixty six
767,25,sevenhundredandsixtyseven,seven hundred and sixty seven
768,25,sevenhundredandsixtyeight,seven hundred and sixty eight
769,24,sevenhundredandsixtynine,seven hundred and sixty nine
770,22,sevenhundredandseventy,seven hundred and seventy
771,25,sevenhundredandseventyone,seven hundred and seventy one
772,25,sevenhundredandseventytwo,seven hundred and seventy two
773,27,sevenhundredandseventythree,seven hundred and seventy three
774,26,sevenhundredandseventyfour,seven hundred and seventy four
775,26,sevenhundredandseventyfive,seven hundred and seventy five
776,25,sevenhundredandseventysix,seven hundred and seventy six
777,27,sevenhundredandseventyseven,seven hundred and seventy seven
778,27,sevenhundredandseventyeight,seven hundred and seventy eight
779,26,sevenhundredandseventynine,seven hundred and seventy nine
780,21,sevenhundredandeighty,seven hundred and eighty
781,24,sevenhundredandeightyone,seven hundred and eighty one
782,24,sevenhundredandeightytwo,seven hundred and eighty two
783,26,sevenhundredandeightythree,seven hundred and eighty three
784,25,sevenhundredandeightyfour,seven hundred and eighty four
785,25,sevenhundredandeightyfive,seven hundred and eighty five
786,24,sevenhundredandeightysix,seven hundred and eighty six
787,26,sevenhundredandeightyseven,seven hundred and eighty seven
788,26,sevenhundredandeightyeight,seven hundred and eighty eight
789,25,sevenhundredandeightynine,seven hundred and eighty nine
790,21,sevenhundredandninety,seven hundred and ninety
791,24,sevenhundredandninetyone,seven hundred and ninety one
792,24,sevenhundredandninetytwo,seven hundred and ninety two
793,26,sevenhundredandninetythree,seven hundred and ninety three
794,25,sevenhundredandninetyfour,seven hundred and ninety four
795,25,sevenhundredandninetyfive,seven hundred and ninety five
796,24,sevenhundredandninetysix,seven hundred and ninety six
797,26,sevenhundredandninetyseven,seven hundred and ninety seven
798,26,sevenhundredandninetyeight,seven hundred and ninety eight
799,25,sevenhundredandninetynine,seven hundred and ninety nine
800,12,eighthundred,eight hundred
801,18,eighthundredandone,eight hundred and one
802,18,eighthundredandtwo,eight hundred and two
803,20,eighthundredandthree,eight hundred and three
804,19,eighthundredandfour,eight hundred and four
805,19,eighthundredandfive,eight hundred and five
806,18,eighthundredandsix,eight hundred and six
807,20,eighthundredandseven,eight hundred and seven
808,20,eighthundredandeight,eight hundred and eight
809,19,eighthundredandnine,eight hundred and nine
810,18,eighthundredandten,eight hundred and ten
811,21,eighthundredandeleven,eight hundred and eleven
812,21,eighthundredandtwelve,eight hundred and twelve
813,23,eighthundredandthirteen,eight hundred and thirteen
814,23,eighthundredandfourteen,eight hundred and fourteen
815,22,eighthundredandfifteen,eight hundred and fifteen
816,22,eighthundredandsixteen,eight hundred and sixteen
817,24,eighthundredandseventeen,eight hundred and seventeen
818,23,eighthundredandeighteen,eight hundred and eighteen
819,23,eighthundredandnineteen,eight hundred and nineteen
820,21,eighthundredandtwenty,eight hundred and twenty
821,24,eighthundredandtwentyone,eight hundred and twenty one
822,24,eighthundredandtwentytwo,eight hundred and twenty two
823,26,eighthundredandtwentythree,eight hundred and twenty three
824,25,eighthundredandtwentyfour,eight hundred and twenty four
825,25,eighthundredandtwentyfive,eight hundred and twenty five
826,24,eighthundredandtwentysix,eight hundred and twenty six
827,26,eighthundredandtwentyseven,eight hundred and twenty seven
828,26,eighthundredandtwentyeight,eight hundred and twenty eight
829,25,eighthundredandtwentynine,eight hundred and twenty nine
830,21,eighthundredandthirty,eight hundred and thirty
831,24,eighthundredandthirtyone,eight hundred and thirty one
832,24,eighthundredandthirtytwo,eight hundred and thirty two
833,26,eighthundredandthirtythree,eight hundred and thirty three
834,25,eighthundredandthirtyfour,eight hundred and thirty four
835,25,eighthundredandthirtyfive,eight hundred and thirty five
836,24,eighthundredandthirtysix,eight hundred and thirty six
837,26,eighthundredandthirtyseven,eight hundred and thirty seven
838,26,eighthundredandthirtyeight,eight hundred and thirty eight
839,25,eighthundredandthirtynine,eight hundred and thirty nine
840,20,eighthundredandforty,eight hundred and forty
841,23,eighthundredandfortyone,eight hundred and forty one
842,23,eighthundredandfortytwo,eight hundred and forty two
843,25,eighthundredandfortythree,eight hundred and forty three
844,24,eighthundredandfortyfour,eight hundred and forty four
845,24,eighthundredandfortyfive,eight hundred and forty five
846,23,eighthundredandfortysix,eight hundred and forty six
847,25,eighthundredandfortyseven,eight hundred and forty seven
848,25,eighthundredandfortyeight,eight hundred and forty eight
849,24,eighthundredandfortynine,eight hundred and forty nine
850,20,eighthundredandfifty,eight hundred and fifty
851,23,eighthundredandfiftyone,eight hundred and fifty one
852,23,eighthundredandfiftytwo,eight hundred and fifty two
853,25,eighthundredandfiftythree,eight hundred and fifty three
854,24,eighthundredandfiftyfour,eight hundred and fifty four
855,24,eighthundredandfiftyfive,eight hundred and fifty five
856,23,eighthundredandfiftysix,eight hundred and fifty six
857,25,eighthundredandfiftyseven,eight hundred and fifty seven
858,25,eighthundredandfiftyeight,eight hundred and fifty eight
859,24,eighthundredandfiftynine,eight hundred and fifty nine
860,20,eighthundredandsixty,eight hundred and sixty
861,23,eighthundredandsixtyone,eight hundred and sixty one
862,23,eighthundredandsixtytwo,eight hundred and sixty two
863,25,eighthundredandsixtythree,eight hundred and sixty three
864,24,eighthundredandsixtyfour,eight hundred and sixty four
865,24,eighthundredandsixtyfive,eight hundred and sixty five
866,23,eighthundredandsixtysix,eight hundred and sixty six
867,25,eighthundredandsixtyseven,eight hundred and sixty seven
868,25,eighthundredandsixtyeight,eight hundred and sixty eight
869,24,eighthundredandsixtynine,eight hundred and sixty nine
870,22,eighthundredandseventy,eight hundred and seventy
871,25,eighthundredandseventyone,eight hundred and seventy one
872,25,eighthundredandseventytwo,eight hundred and seventy two
873,27,eighthundredandseventythree,eight hundred and seventy three
874,26,eighthundredandseventyfour,eight hundred and seventy four
875,26,eighthundredandseventyfive,eight hundred and seventy five
876,25,eighthundredandseventysix,eight hundred and seventy six
877,27,eighthundredandseventyseven,eight hundred and seventy seven
878,27,eighthundredandseventyeight,eight hundred and seventy eight
879,26,eighthundredandseventynine,eight hundred and seventy nine
880,21,eighthundredandeighty,eight hundred and eighty
881,24,eighthundredandeightyone,eight hundred and eighty one
882,24,eighthundredandeightytwo,eight hundred and eighty two
883,26,eighthundredandeightythree,eight hundred and eighty three
884,25,eighthundredandeightyfour,eight hundred and eighty four
885,25,eighthundredandeightyfive,eight hundred and eighty five
886,24,eighthundredandeightysix,eight hundred and eighty six
887,26,eighthundredandeightyseven,eight hundred and eighty seven
888,26,eighthundredandeightyeight,eight hundred and eighty eight
889,25,eighthundredandeightynine,eight hundred and eighty nine
890,21,eighthundredandninety,eight hundred and ninety
891,24,eighthundredandninetyone,eight hundred and ninety one
892,24,eighthundredandninetytwo,eight hundred and ninety two
893,26,eighthundredandninetythree,eight hundred and ninety three
894,25,eighthundredandninetyfour,eight hundred and ninety four
895,25,eighthundredandninetyfive,eight hundred and ninety five
896,24,eighthundredandninetysix,eight hundred and ninety six
897,26,eighthundredandninetyseven,eight hundred and ninety seven
898,26,eighthundredandninetyeight,eight hundred and ninety eight
899,25,eighthundredandninetynine,eight hundred and ninety nine
900,11,ninehundred,nine hundred
901,17,ninehundredandone,nine hundred and one
902,17,ninehundredandtwo,nine hundred and two
903,19,ninehundredandthree,nine hundred and three
904,18,ninehundredandfour,nine hundred and four
905,18,ninehundredandfive,nine hundred and five
906,17,ninehundredandsix,nine hundred and six
907,19,ninehundredandseven,nine hundred and seven
908,19,ninehundredandeight,nine hundred and eight
909,18,ninehundredandnine,nine hundred and nine
910,17,ninehundredandten,nine hundred and ten
911,20,ninehundredandeleven,nine hundred and eleven
912,20,ninehundredandtwelve,nine hundred and twelve
913,22,ninehundredandthirteen,nine hundred and thirteen
914,22,ninehundredandfourteen,nine hundred and fourteen
915,21,ninehundredandfifteen,nine hundred and fifteen
916,21,ninehundredandsixteen,nine hundred and sixteen
917,23,ninehundredandseventeen,nine hundred and seventeen
918,22,ninehundredandeighteen,nine hundred and eighteen
919,22,ninehundredandnineteen,nine hundred and nineteen
920,20,ninehundredandtwenty,nine hundred and twenty
921,23,ninehundredandtwentyone,nine hundred and twenty one
922,23,ninehundredandtwentytwo,nine hundred and twenty two
923,25,ninehundredandtwentythree,nine hundred and twenty three
924,24,ninehundredandtwentyfour,nine hundred and twenty four
925,24,ninehundredandtwentyfive,nine hundred and twenty five
926,23,ninehundredandtwentysix,nine hundred and twenty six
927,25,ninehundredandtwentyseven,nine hundred and twenty seven
928,25,ninehundredandtwentyeight,nine hundred and twenty eight
929,24,ninehundredandtwentynine,nine hundred and twenty nine
930,20,ninehundredandthirty,nine hundred and thirty
931,23,ninehundredandthirtyone,nine hundred and thirty one
932,23,ninehundredandthirtytwo,nine hundred and thirty two
933,25,ninehundredandthirtythree,nine hundred and thirty three
934,24,ninehundredandthirtyfour,nine hundred and thirty four
935,24,ninehundredandthirtyfive,nine hundred and thirty five
936,23,ninehundredandthirtysix,nine hundred and thirty six
937,25,ninehundredandthirtyseven,nine hundred and thirty seven
938,25,ninehundredandthirtyeight,nine hundred and thirty eight
939,24,ninehundredandthirtynine,nine hundred and thirty nine
940,19,ninehundredandforty,nine hundred and forty
941,22,ninehundredandfortyone,nine hundred and forty one
942,22,ninehundredandfortytwo,nine hundred and forty two
943,24,ninehundredandfortythree,nine hundred and forty three
944,23,ninehundredandfortyfour,nine hundred and forty four
945,23,ninehundredandfortyfive,nine hundred and forty five
946,22,ninehundredandfortysix,nine hundred and forty six
947,24,ninehundredandfortyseven,nine hundred and forty seven
948,24,ninehundredandfortyeight,nine hundred and forty eight
949,23,ninehundredandfortynine,nine hundred and forty nine
950,19,ninehundredandfifty,nine hundred and fifty
951,22,ninehundredandfiftyone,nine hundred and fifty one
952,22,ninehundredandfiftytwo,nine hundred and fifty two
953,24,ninehundredandfiftythree,nine hundred and fifty three
954,23,ninehundredandfiftyfour,nine hundred and fifty four
955,23,ninehundredandfiftyfive,nine hundred and fifty five
956,22,ninehundredandfiftysix,nine hundred and fifty six
957,24,ninehundredandfiftyseven,nine hundred and fifty seven
958,24,ninehundredandfiftyeight,nine hundred and fifty eight
959,23,ninehundredandfiftynine,nine hundred and fifty nine
960,19,ninehundredandsixty,nine hundred and sixty
961,22,ninehundredandsixtyone,nine hundred and sixty one
962,22,ninehundredandsixtytwo,nine hundred and sixty two
963,24,ninehundredandsixtythree,nine hundred and sixty three
964,23,ninehundredandsixtyfour,nine hundred and sixty four
965,23,ninehundredandsixtyfive,nine hundred and sixty five
966,22,ninehundredandsixtysix,nine hundred and sixty six
967,24,ninehundredandsixtyseven,nine hundred and sixty seven
968,24,ninehundredandsixtyeight,nine hundred and sixty eight
969,23,ninehundredandsixtynine,nine hundred and sixty nine
970,21,ninehundredandseventy,nine hundred and seventy
971,24,ninehundredandseventyone,nine hundred and seventy one
972,24,ninehundredandseventytwo,nine hundred and seventy two
973,26,ninehundredandseventythree,nine hundred and seventy three
974,25,ninehundredandseventyfour,nine hundred and seventy four
975,25,ninehundredandseventyfive,nine hundred and seventy five
976,24,ninehundredandseventysix,nine hundred and seventy six
977,26,ninehundredandseventyseven,nine hundred and seventy seven
978,26,ninehundredandseventyeight,nine hundred and seventy eight
979,25,ninehundredandseventynine,nine hundred and seventy nine
980,20,ninehundredandeighty,nine hundred and eighty
981,23,ninehundredandeightyone,nine hundred and eighty one
982,23,ninehundredandeightytwo,nine hundred and eighty two
983,25,ninehundredandeightythree,nine hundred and eighty three
984,24,ninehundredandeightyfour,nine hundred and eighty four
985,24,ninehundredandeightyfive,nine hundred and eighty five
986,23,ninehundredandeightysix,nine hundred and eighty six
987,25,ninehundredandeightyseven,nine hundred and eighty seven
988,25,ninehundredandeightyeight,nine hundred and eighty eight
989,24,ninehundredandeightynine,nine hundred and eighty nine
990,20,ninehundredandninety,nine hundred and ninety
991,23,ninehundredandninetyone,nine hundred and ninety one
992,23,ninehundredandninetytwo,nine hundred and ninety two
993,25,ninehundredandninetythree,nine hundred and ninety three
994,24,ninehundredandninetyfour,nine hundred and ninety four
995,24,ninehundredandninetyfive,nine hundred and ninety five
996,23,ninehundredandninetysix,nine hundred and ninety six
997,25,ninehundredandninetyseven,nine hundred and ninety seven
998,25,ninehundredandninetyeight,nine hundred and ninety eight
999,24,ninehundredandninetynine,nine hundred and ninety nine
